{
  "version": 1,
  "author": "Anonymous maker",
  "editor": "wokwi",
  "parts": [
    { "type": "wokwi-breadboard", "id": "bb1", "top": -51, "left": -189.2, "attrs": {} },
    {
      "type": "board-esp32-devkit-c-v4",
      "id": "esp",
      "top": 181.26,
      "left": -108.7,
      "rotate": 270,
      "attrs": {}
    },
    {
      "type": "wokwi-led",
      "id": "led1",
      "top": 25.2,
      "left": -140.2,
      "attrs": { "color": "red" }
    },
    {
      "type": "wokwi-led",
      "id": "led2",
      "top": 25.2,
      "left": -101.8,
      "attrs": { "color": "red" }
    },
    { "type": "wokwi-led", "id": "led3", "top": 25.2, "left": -63.4, "attrs": { "color": "red" } }
  ],
  "connections": [
    [ "esp:TX", "$serialMonitor:RX", "", [] ],
    [ "esp:RX", "$serialMonitor:TX", "", [] ],
    [ "bb1:bn.1", "esp:GND.2", "green", [ "v85.1", "h18.4" ] ],
    [ "bb1:5b.j", "bb1:bn.3", "green", [ "v38.4" ] ],
    [ "bb1:9b.j", "bb1:bn.6", "green", [ "v38.4" ] ],
    [ "bb1:13b.j", "bb1:bn.10", "green", [ "v38.4" ] ],
    [ "led1:A", "bb1:6b.f", "", [ "$bb" ] ],
    [ "led1:C", "bb1:5b.f", "", [ "$bb" ] ],
    [ "led2:A", "bb1:10b.f", "", [ "$bb" ] ],
    [ "led2:C", "bb1:9b.f", "", [ "$bb" ] ],
    [ "led3:A", "bb1:14b.f", "", [ "$bb" ] ],
    [ "led3:C", "bb1:13b.f", "", [ "$bb" ] ],
    [ "bb1:14b.j", "esp:2", "green", [ "v0" ] ],
    [ "bb1:10b.j", "esp:4", "green", [ "v124.8", "h67.2" ] ],
    [ "bb1:6b.j", "esp:5", "green", [ "v134.4", "h67.2" ] ]
  ],
  "dependencies": {}
}